Query,Rank,SimilarityScore,SourceFile,Excerpt,Relevance,Reasoning
"how to use scipy.signal.滤波",1,0.6692865490913391,/content/drive/MyDrive/scipy-main/scipy/signal/filter_design.py,"# This file is not meant for public use and will be removed in SciPy v2.0.0. # Use the `scipy.signal` namespace for importing the functions # included below. from scipy._lib.deprecation import _sub_module_deprecation __all__ = [ # noqa: F822 'findfre...","Yes","This excerpt is from the filter_design module in scipy.signal, which contains functions relevant to filter design and usage."
"how to use scipy.signal.滤波",2,0.6982821822166443,/content/drive/MyDrive/scipy-main/scipy/signal/_signaltools.py,"``(n_sections, 2)``. See Also -------- sosfilt, zpk2sos Notes ----- .. versionadded:: 0.16.0 Examples -------- Filter a rectangular pulse that begins at time 0, with and without the use of the `zi` argument of `scipy.signal.sosfilt`. >>> import numpy...","Yes","This excerpt provides examples of using sosfilt in scipy.signal, directly relevant to applying signal filtering techniques."
"how to use scipy.signal.滤波",3,0.7182412147521973,/content/drive/MyDrive/scipy-main/scipy/signal/_signaltools.py,"`~scipy.signal.resample` can be used. Consult the `scipy.interpolate` module for methods of resampling signals with non-constant sampling intervals. The ``zero_phase`` keyword was added in 0.18.0. The possibility to use instances of ``dlti`` as ``fty...","Yes","This excerpt discusses signal processing functions like resample in scipy.signal, which are relevant to filtering workflows."
"error using sparse.linalg.spsolve",1,0.8297395706176758,/content/drive/MyDrive/scipy-main/scipy/sparse/linalg/_isolve/tests/test_iterative.py,""""""" Test functions for the sparse.linalg._isolve module """""" import itertools import platform import pytest import numpy as np from numpy.testing import assert_array_equal, assert_allclose from numpy import zeros, arange, array, ones, eye, iscomplexob...","No","This excerpt is from test code for iterative solvers in scipy.sparse.linalg, not directly addressing errors with spsolve."
"error using sparse.linalg.spsolve",2,0.8590466380119324,/content/drive/MyDrive/scipy-main/scipy/sparse/linalg/_eigen/__init__.py,""""""" Sparse Eigenvalue Solvers ------------------------- The submodules of sparse.linalg._eigen: 1. lobpcg: Locally Optimal Block Preconditioned Conjugate Gradient Method """""" from .arpack import * from .lobpcg import * from ._svds import svds from . i...","No","This excerpt introduces eigenvalue solvers in scipy.sparse.linalg, not relevant to errors with spsolve."
"error using sparse.linalg.spsolve",3,0.860349178314209,/content/drive/MyDrive/scipy-main/scipy/sparse/linalg/tests/test_interface.py,"""""""Test functions for the sparse.linalg._interface module """""" from functools import partial from itertools import product import operator import pytest from pytest import raises as assert_raises, warns from numpy.testing import assert_, assert_equal ...","No","This excerpt is from test code for the sparse.linalg interface, not addressing specific errors with spsolve."
"how to call scipy.optimize.minimize",1,0.6446312665939331,/content/drive/MyDrive/scipy-main/scipy/optimize/minpack.py,"# This file is not meant for public use and will be removed in SciPy v2.0.0. # Use the `scipy.optimize` namespace for importing the functions # included below. from scipy._lib.deprecation import _sub_module_deprecation __all__ = [ # noqa: F822 'Optim...","No","This excerpt is from a deprecated minpack module, not providing guidance on how to call scipy.optimize.minimize."
"how to call scipy.optimize.minimize",2,0.668034017086029,/content/drive/MyDrive/scipy-main/scipy/optimize/__init__.py,""""""" ===================================================== Optimization and root finding (:mod:`scipy.optimize`) ===================================================== .. currentmodule:: scipy.optimize .. toctree:: :hidden: optimize.cython_optimize Sci...","Yes","This excerpt introduces the scipy.optimize module, including minimize, providing context for its usage."
"how to call scipy.optimize.minimize",3,0.6739316582679749,/content/drive/MyDrive/scipy-main/scipy/optimize/elementwise.py,""""""" =================================================================== Elementwise Scalar Optimization (:mod:`scipy.optimize.elementwise`) =================================================================== .. currentmodule:: scipy.optimize.elementw...","No","This excerpt discusses elementwise optimization, not directly relevant to calling scipy.optimize.minimize."
"examples of scipy.fft usage",1,0.766061007976532,/content/drive/MyDrive/scipy-main/scipy/fft/_backend.py,"import scipy._lib.uarray as ua from . import _basic_backend from . import _realtransforms_backend from . import _fftlog_backend class _ScipyBackend: """"""The default backend for fft calculations Notes ----- We use the domain ``numpy.scipy`` rather than...","Yes","This excerpt is from the fft module's backend, relevant to understanding the implementation and usage of scipy.fft functions."
"examples of scipy.fft usage",2,0.7893369197845459,/content/drive/MyDrive/scipy-main/scipy/fft/_helper.py,"from functools import update_wrapper, lru_cache import inspect from ._pocketfft import helper as _helper import numpy as np from scipy._lib._array_api import array_namespace _init_nd_shape_and_axes = _helper._init_nd_shape_and_axes def next_fast_len(...","Yes","This excerpt includes helper functions for fft calculations in scipy.fft, relevant to its usage."
"examples of scipy.fft usage",3,0.7937854528427124,/content/drive/MyDrive/scipy-main/scipy/fftpack/tests/test_helper.py,"# Created by Pearu Peterson, September 2002 __usage__ = """""" Build fftpack: python setup_fftpack.py build Run tests if scipy is installed: python -c 'import scipy;scipy.fftpack.test(<level>)' Run tests if fftpack is not installed: python tests/test_he...","No","This excerpt is from test code for the deprecated fftpack module, not providing examples of scipy.fft usage."
"understand scipy.stats.describe source code",1,0.7904181480407715,/content/drive/MyDrive/scipy-main/scipy/stats/__init__.py,""""""" .. _statsrefmanual: ========================================== Statistical functions (:mod:`scipy.stats`) ========================================== .. currentmodule:: scipy.stats This module contains a large number of probability distributions, ...","Yes","This excerpt introduces the scipy.stats module, which includes the describe function, providing context for its source code."
"understand scipy.stats.describe source code",2,0.8399308919906616,/content/drive/MyDrive/scipy-main/scipy/stats/_continuous_distns.py,"``density=True`` should be passed to `rv_histogram`. To avoid warnings, always pass ``density`` explicitly when the input histogram has unequal bin widths. There are no additional shape parameters except for the loc and scale. The pdf is defined as a...","No","This excerpt discusses histogram distributions in scipy.stats, not relevant to the describe function's source code."
"understand scipy.stats.describe source code",3,0.8473633527755737,/content/drive/MyDrive/scipy-main/scipy/_lib/tests/test_public_api.py,""""""" This test script is adopted from: https://github.com/numpy/numpy/blob/main/numpy/tests/test_public_api.py """""" import pkgutil import types import importlib import warnings from importlib import import_module import pytest import scipy from scipy._...","No","This excerpt is from test code for SciPy's public API, not specific to the source code of scipy.stats.describe."