Query,Source,Rank,Score,File,Snippet,RRF_Score,Relevance,Reasoning
"how to use scipy.signal.滤波",Docs,1,0.8275766968727112,/content/drive/MyDrive/DSF/Lab 2/scipy-main/doc/source/release/1.4.0-notes.rst,"don't register `i0` with `numpy.dual` * `#10540 <https://github.com/scipy/scipy/pull/10540>`__: MAINT: Fix Travis and Circle * `#10542 <https://github.com/scipy/scipy/pull/10542>`__: MAINT: interpolate: use cython_lapack * `#10547 <https://github...","0.0196078431372549","No","This excerpt from release notes mentions various updates but not specific usage of scipy.signal filtering functions."
"how to use scipy.signal.滤波",Code,1,0.6692865490913391,/content/drive/MyDrive/scipy-main/scipy/signal/filter_design.py,"# This file is not meant for public use and will be removed in SciPy v2.0.0. # Use the `scipy.signal` namespace for importing the functions # included below. from scipy._lib.deprecation import _sub_module_deprecation __all__ = [ # noqa: F822 'findfre...","0.0196078431372549","Yes","This excerpt is from the filter_design module in scipy.signal, relevant to understanding filter functions usage."
"how to use scipy.signal.滤波",Code,2,0.6982821822166443,/content/drive/MyDrive/scipy-main/scipy/signal/_signaltools.py,"``(n_sections, 2)``. See Also -------- sosfilt, zpk2sos Notes ----- .. versionadded:: 0.16.0 Examples -------- Filter a rectangular pulse that begins at time 0, with and without the use of the `zi` argument of `scipy.signal.sosfilt`. >>> import numpy...","0.019230769230769232","Yes","This excerpt provides examples of using sosfilt in scipy.signal for filtering."
"how to use scipy.signal.滤波",Docs,2,0.8324115872383118,/content/drive/MyDrive/DSF/Lab 2/scipy-main/doc/source/reference/signal.windows.rst,".. automodule:: scipy.signal.windows :no-members: :no-inherited-members: :no-special-members:...","0.019230769230769232","No","This excerpt references window functions in scipy.signal, not directly about filtering usage."
"how to use scipy.signal.滤波",Docs,3,0.8382763266563416,/content/drive/MyDrive/DSF/Lab 2/scipy-main/doc/source/reference/signal.rst,".. automodule:: scipy.signal :no-members: :no-inherited-members: :no-special-members:...","0.018867924528301886","Yes","This excerpt is the module documentation for scipy.signal, providing overview for calling filtering functions."
"error using sparse.linalg.spsolve",Docs,1,0.5614094734191895,/content/drive/MyDrive/DSF/Lab 2/scipy-main/doc/source/reference/sparse.linalg.svds-lobpcg.rst,".. _sparse.linalg.svds-lobpcg: svds(solver='lobpcg') ---------------------------------------- .. scipy-optimize:function:: scipy.sparse.linalg.svds :impl: scipy.sparse.linalg._eigen._svds_doc._svds_lobpcg_doc :method: lobpcg...","0.0196078431372549","No","This excerpt discusses lobpcg for SVD, unrelated to errors with spsolve."
"error using sparse.linalg.spsolve",Code,1,0.8297395706176758,/content/drive/MyDrive/scipy-main/scipy/sparse/linalg/_isolve/tests/test_iterative.py,""""""" Test functions for the sparse.linalg._isolve module """""" import itertools import platform import pytest import numpy as np from numpy.testing import assert_array_equal, assert_allclose from numpy import zeros, arange, array, ones, eye, iscomplexob...","0.0196078431372549","No","This excerpt is from iterative solver tests, not addressing spsolve errors."
"error using sparse.linalg.spsolve",Code,2,0.8590466380119324,/content/drive/MyDrive/scipy-main/scipy/sparse/linalg/_eigen/__init__.py,""""""" Sparse Eigenvalue Solvers ------------------------- The submodules of sparse.linalg._eigen: 1. lobpcg: Locally Optimal Block Preconditioned Conjugate Gradient Method """""" from .arpack import * from .lobpcg import * from ._svds import svds from . i...","0.019230769230769232","No","This excerpt introduces eigenvalue solvers, not relevant to spsolve errors."
"error using sparse.linalg.spsolve",Docs,2,0.5918115377426147,/content/drive/MyDrive/DSF/Lab 2/scipy-main/doc/source/reference/sparse.linalg.svds-arpack.rst,".. _sparse.linalg.svds-arpack: svds(solver='arpack') ---------------------------------------- .. scipy-optimize:function:: scipy.sparse.linalg.svds :impl: scipy.sparse.linalg._eigen._svds_doc._svds_arpack_doc :method: arpack...","0.019230769230769232","No","This excerpt covers arpack for SVD, unrelated to spsolve errors."
"error using sparse.linalg.spsolve",Docs,3,0.6048873662948608,/content/drive/MyDrive/DSF/Lab 2/scipy-main/doc/source/reference/sparse.linalg.svds-propack.rst,".. _sparse.linalg.svds-propack: svds(solver='propack') ---------------------------------------- .. scipy-optimize:function:: scipy.sparse.linalg.svds :impl: scipy.sparse.linalg._eigen._svds_doc._svds_propack_doc :method: propack...","0.018867924528301886","No","This excerpt describes propack for SVD, not addressing spsolve errors."
"how to call scipy.optimize.minimize",Docs,1,0.6446312665939331,/content/drive/MyDrive/DSF/Lab 2/scipy-main/doc/source/reference/optimize.minimize-trustncg.rst,".. _optimize.minimize-trustncg: minimize(method='trust-ncg') ------------------------------------------- .. scipy-optimize:function:: scipy.optimize.minimize :impl: scipy.optimize._trustregion_ncg._minimize_trust_ncg :method: trust-ncg...","0.0196078431372549","Yes","This excerpt details the trust-ncg method for scipy.optimize.minimize, relevant to calling it."
"how to call scipy.optimize.minimize",Code,1,0.6446312665939331,/content/drive/MyDrive/scipy-main/scipy/optimize/minpack.py,"# This file is not meant for public use and will be removed in SciPy v2.0.0. # Use the `scipy.optimize` namespace for importing the functions # included below. from scipy._lib.deprecation import _sub_module_deprecation __all__ = [ # noqa: F822 'Optim...","0.0196078431372549","No","This excerpt is from deprecated minpack, not directly about calling minimize."
"how to call scipy.optimize.minimize",Code,2,0.668034017086029,/content/drive/MyDrive/scipy-main/scipy/optimize/__init__.py,""""""" ===================================================== Optimization and root finding (:mod:`scipy.optimize`) ===================================================== .. currentmodule:: scipy.optimize .. toctree:: :hidden: optimize.cython_optimize Sci...","0.019230769230769232","Yes","This excerpt introduces scipy.optimize, including minimize, providing context for calling it."
"how to call scipy.optimize.minimize",Docs,2,0.668034017086029,/content/drive/MyDrive/DSF/Lab 2/scipy-main/doc/source/reference/optimize.minimize-trustconstr.rst,".. _optimize.minimize-trustconstr: minimize(method='trust-constr') ------------------------------------------- .. scipy-optimize:function:: scipy.optimize.minimize :impl: scipy.optimize._trustregion_constr._minimize_trustregion_constr :method: trust-constr...","0.019230769230769232","Yes","This excerpt describes the trust-constr method for minimize, relevant to calling it."
"how to call scipy.optimize.minimize",Docs,3,0.6739316582679749,/content/drive/MyDrive/DSF/Lab 2/scipy-main/doc/source/reference/optimize.minimize-tnc.rst,".. _optimize.minimize-tnc: minimize(method='TNC') ---------------------------------------- .. scipy-optimize:function:: scipy.optimize.minimize :impl: scipy.optimize._tnc._minimize_tnc :method: TNC...","0.018867924528301886","Yes","This excerpt details the TNC method for minimize, providing usage information."
"examples of scipy.fft usage",Docs,1,0.766061007976532,/content/drive/MyDrive/DSF/Lab 2/scipy-main/doc/source/tutorial/fft.rst,"Fourier Transforms (:mod:`scipy.fft`) ========================================= .. sectionauthor:: SciPy Developers .. currentmodule:: scipy.fft .. contents:: Fourier analysis is a method for expressing a function as a sum of periodic components, and...","0.0196078431372549","Yes","This excerpt from the FFT tutorial provides examples of scipy.fft usage."
"examples of scipy.fft usage",Code,1,0.766061007976532,/content/drive/MyDrive/scipy-main/scipy/fft/_backend.py,"import scipy._lib.uarray as ua from . import _basic_backend from . import _realtransforms_backend from . import _fftlog_backend class _ScipyBackend: """"""The default backend for fft calculations Notes ----- We use the domain ``numpy.scipy`` rather than...","0.0196078431372549","Yes","This excerpt is from the fft backend, relevant to understanding scipy.fft implementation and usage."
"examples of scipy.fft usage",Code,2,0.7893369197845459,/content/drive/MyDrive/scipy-main/scipy/fft/_helper.py,"from functools import update_wrapper, lru_cache import inspect from ._pocketfft import helper as _helper import numpy as np from scipy._lib._array_api import array_namespace _init_nd_shape_and_axes = _helper._init_nd_shape_and_axes def next_fast_len(...","0.019230769230769232","Yes","This excerpt includes helper functions for scipy.fft, relevant to its usage."
"examples of scipy.fft usage",Docs,2,0.8450648784637451,/content/drive/MyDrive/DSF/Lab 2/scipy-main/doc/source/release/1.12.0-notes.rst,"<https://github.com/scipy/scipy/pull/18995>`__: DOC: stats.lognorm: add example of the relationship between norm... * `#18996 <https://github.com/scipy/scipy/pull/18996>`__: ENH: optimize.curve_fit: reduce overhead of lightweight memoization * `#1899...","0.019230769230769232","No","This excerpt from release notes mentions various updates, not specific fft examples."
"examples of scipy.fft usage",Docs,3,0.8720674514770508,/content/drive/MyDrive/DSF/Lab 2/scipy-main/doc/source/reference/fft.rst,".. automodule:: scipy.fft :no-members: :no-inherited-members: :no-special-members:...","0.018867924528301886","Yes","This excerpt is the reference documentation for scipy.fft, including usage examples."
"understand scipy.stats.describe source code",Docs,1,0.7067528367042542,/content/drive/MyDrive/DSF/Lab 2/scipy-main/doc/source/tutorial/index.rst,".. _user_guide: **************** SciPy User Guide **************** .. currentmodule:: scipy .. sectionauthor:: Travis E. Oliphant SciPy is a collection of mathematical algorithms and convenience functions built on NumPy_ . It adds significant power t...","0.0196078431372549","No","This excerpt is a general SciPy user guide intro, not specific to scipy.stats.describe source code."
"understand scipy.stats.describe source code",Code,1,0.7904181480407715,/content/drive/MyDrive/scipy-main/scipy/stats/__init__.py,""""""" .. _statsrefmanual: ========================================== Statistical functions (:mod:`scipy.stats`) ========================================== .. currentmodule:: scipy.stats This module contains a large number of probability distributions, ...","0.0196078431372549","Yes","This excerpt introduces scipy.stats, providing context for the describe function's source."
"understand scipy.stats.describe source code",Code,2,0.8399308919906616,/content/drive/MyDrive/scipy-main/scipy/stats/_continuous_distns.py,"``density=True`` should be passed to `rv_histogram`. To avoid warnings, always pass ``density`` explicitly when the input histogram has unequal bin widths. There are no additional shape parameters except for the loc and scale. The pdf is defined as a...","0.019230769230769232","No","This excerpt discusses continuous distributions, not the describe function's source code."
"understand scipy.stats.describe source code",Docs,2,0.71966952085495,/content/drive/MyDrive/DSF/Lab 2/scipy-main/doc/source/tutorial/stats.rst,"Statistics (`scipy.stats`) ========================== .. sectionauthor:: Travis E. Oliphant .. sectionauthor:: Josef Perktold .. sectionauthor:: Nicky van Foreest .. sectionauthor:: Sambit Panda .. sectionauthor:: Pamphile T. Roy (@tupui) .. currentm...","0.019230769230769232","Yes","This excerpt from the stats tutorial provides context for understanding functions like describe in scipy.stats."
"understand scipy.stats.describe source code",Docs,3,0.7544018030166626,/content/drive/MyDrive/DSF/Lab 2/scipy-main/doc/source/dev/contributor/adding_new.rst,".. _adding-new: Adding New Methods, Functions, and Classes ========================================== While adding code to SciPy is in most cases quite straight forward, there are a few places where that is not the case. This document contains detail...","0.018867924528301886","No","This excerpt is about adding new code to SciPy, not specific to scipy.stats.describe source."